start_sec,stage,stage_name
0,0,Sleep stage W
30,0,Sleep stage W
60,0,Sleep stage W
90,0,Sleep stage W
120,0,Sleep stage W
150,0,Sleep stage W
180,0,Sleep stage W
210,0,Sleep stage W
240,0,Sleep stage W
270,0,Sleep stage W
300,0,Sleep stage W
330,0,Sleep stage W
360,0,Sleep stage W
390,0,Sleep stage W
420,0,Sleep stage W
450,0,Sleep stage W
480,0,Sleep stage W
510,0,Sleep stage W
540,0,Sleep stage W
570,0,Sleep stage W
600,0,Sleep stage W
630,0,Sleep stage W
660,0,Sleep stage W
690,0,Sleep stage W
720,0,Sleep stage W
750,0,Sleep stage W
780,0,Sleep stage W
810,0,Sleep stage W
840,0,Sleep stage W
870,0,Sleep stage W
900,0,Sleep stage W
930,0,Sleep stage W
960,0,Sleep stage W
990,0,Sleep stage W
1020,0,Sleep stage W
1050,0,Sleep stage W
1080,0,Sleep stage W
1110,0,Sleep stage W
1140,0,Sleep stage W
1170,0,Sleep stage W
1200,0,Sleep stage W
1230,0,Sleep stage W
1260,0,Sleep stage W
1290,0,Sleep stage W
1320,0,Sleep stage W
1350,0,Sleep stage W
1380,0,Sleep stage W
1410,0,Sleep stage W
1440,0,Sleep stage W
1470,0,Sleep stage W
1500,0,Sleep stage W
1530,0,Sleep stage W
1560,0,Sleep stage W
1590,0,Sleep stage W
1620,0,Sleep stage W
1650,0,Sleep stage W
1680,0,Sleep stage W
1710,0,Sleep stage W
1740,0,Sleep stage W
1770,0,Sleep stage W
1800,0,Sleep stage W
1830,0,Sleep stage W
1860,0,Sleep stage W
1890,0,Sleep stage W
1920,0,Sleep stage W
1950,0,Sleep stage W
1980,0,Sleep stage W
2010,0,Sleep stage W
2040,0,Sleep stage W
2070,0,Sleep stage W
2100,0,Sleep stage W
2130,0,Sleep stage W
2160,0,Sleep stage W
2190,0,Sleep stage W
2220,0,Sleep stage W
2250,0,Sleep stage W
2280,0,Sleep stage W
2310,0,Sleep stage W
2340,0,Sleep stage W
2370,0,Sleep stage W
2400,0,Sleep stage W
2430,0,Sleep stage W
2460,0,Sleep stage W
2490,0,Sleep stage W
2520,0,Sleep stage W
2550,0,Sleep stage W
2580,0,Sleep stage W
2610,0,Sleep stage W
2640,0,Sleep stage W
2670,0,Sleep stage W
2700,0,Sleep stage W
2730,0,Sleep stage W
2760,0,Sleep stage W
2790,0,Sleep stage W
2820,0,Sleep stage W
2850,0,Sleep stage W
2880,0,Sleep stage W
2910,0,Sleep stage W
2940,0,Sleep stage W
2970,0,Sleep stage W
3000,0,Sleep stage W
3030,0,Sleep stage W
3060,0,Sleep stage W
3090,0,Sleep stage W
3120,0,Sleep stage W
3150,0,Sleep stage W
3180,0,Sleep stage W
3210,0,Sleep stage W
3240,0,Sleep stage W
3270,0,Sleep stage W
3300,0,Sleep stage W
3330,0,Sleep stage W
3360,0,Sleep stage W
3390,0,Sleep stage W
3420,0,Sleep stage W
3450,0,Sleep stage W
3480,0,Sleep stage W
3510,0,Sleep stage W
3540,0,Sleep stage W
3570,0,Sleep stage W
3600,0,Sleep stage W
3630,0,Sleep stage W
3660,0,Sleep stage W
3690,0,Sleep stage W
3720,0,Sleep stage W
3750,0,Sleep stage W
3780,0,Sleep stage W
3810,0,Sleep stage W
3840,0,Sleep stage W
3870,0,Sleep stage W
3900,0,Sleep stage W
3930,0,Sleep stage W
3960,0,Sleep stage W
3990,0,Sleep stage W
4020,0,Sleep stage W
4050,0,Sleep stage W
4080,0,Sleep stage W
4110,0,Sleep stage W
4140,0,Sleep stage W
4170,0,Sleep stage W
4200,0,Sleep stage W
4230,0,Sleep stage W
4260,0,Sleep stage W
4290,0,Sleep stage W
4320,0,Sleep stage W
4350,0,Sleep stage W
4380,0,Sleep stage W
4410,0,Sleep stage W
4440,0,Sleep stage W
4470,0,Sleep stage W
4500,0,Sleep stage W
4530,0,Sleep stage W
4560,0,Sleep stage W
4590,0,Sleep stage W
4620,0,Sleep stage W
4650,0,Sleep stage W
4680,0,Sleep stage W
4710,0,Sleep stage W
4740,0,Sleep stage W
4770,0,Sleep stage W
4800,0,Sleep stage W
4830,0,Sleep stage W
4860,0,Sleep stage W
4890,0,Sleep stage W
4920,0,Sleep stage W
4950,0,Sleep stage W
4980,0,Sleep stage W
5010,0,Sleep stage W
5040,0,Sleep stage W
5070,0,Sleep stage W
5100,0,Sleep stage W
5130,0,Sleep stage W
5160,0,Sleep stage W
5190,0,Sleep stage W
5220,0,Sleep stage W
5250,0,Sleep stage W
5280,0,Sleep stage W
5310,0,Sleep stage W
5340,0,Sleep stage W
5370,0,Sleep stage W
5400,0,Sleep stage W
5430,0,Sleep stage W
5460,0,Sleep stage W
5490,0,Sleep stage W
5520,0,Sleep stage W
5550,0,Sleep stage W
5580,0,Sleep stage W
5610,0,Sleep stage W
5640,0,Sleep stage W
5670,0,Sleep stage W
5700,0,Sleep stage W
5730,0,Sleep stage W
5760,0,Sleep stage W
5790,0,Sleep stage W
5820,0,Sleep stage W
5850,0,Sleep stage W
5880,0,Sleep stage W
5910,0,Sleep stage W
5940,0,Sleep stage W
5970,0,Sleep stage W
6000,0,Sleep stage W
6030,0,Sleep stage W
6060,0,Sleep stage W
6090,0,Sleep stage W
6120,0,Sleep stage W
6150,0,Sleep stage W
6180,0,Sleep stage W
6210,0,Sleep stage W
6240,0,Sleep stage W
6270,0,Sleep stage W
6300,0,Sleep stage W
6330,0,Sleep stage W
6360,0,Sleep stage W
6390,0,Sleep stage W
6420,0,Sleep stage W
6450,0,Sleep stage W
6480,0,Sleep stage W
6510,0,Sleep stage W
6540,0,Sleep stage W
6570,0,Sleep stage W
6600,0,Sleep stage W
6630,0,Sleep stage W
6660,0,Sleep stage W
6690,0,Sleep stage W
6720,0,Sleep stage W
6750,0,Sleep stage W
6780,0,Sleep stage W
6810,0,Sleep stage W
6840,0,Sleep stage W
6870,0,Sleep stage W
6900,0,Sleep stage W
6930,0,Sleep stage W
6960,0,Sleep stage W
6990,0,Sleep stage W
7020,0,Sleep stage W
7050,0,Sleep stage W
7080,0,Sleep stage W
7110,0,Sleep stage W
7140,0,Sleep stage W
7170,0,Sleep stage W
7200,0,Sleep stage W
7230,0,Sleep stage W
7260,0,Sleep stage W
7290,0,Sleep stage W
7320,0,Sleep stage W
7350,0,Sleep stage W
7380,0,Sleep stage W
7410,0,Sleep stage W
7440,0,Sleep stage W
7470,0,Sleep stage W
7500,0,Sleep stage W
7530,0,Sleep stage W
7560,0,Sleep stage W
7590,0,Sleep stage W
7620,0,Sleep stage W
7650,0,Sleep stage W
7680,0,Sleep stage W
7710,0,Sleep stage W
7740,0,Sleep stage W
7770,0,Sleep stage W
7800,0,Sleep stage W
7830,0,Sleep stage W
7860,0,Sleep stage W
7890,0,Sleep stage W
7920,0,Sleep stage W
7950,0,Sleep stage W
7980,0,Sleep stage W
8010,0,Sleep stage W
8040,0,Sleep stage W
8070,0,Sleep stage W
8100,0,Sleep stage W
8130,0,Sleep stage W
8160,0,Sleep stage W
8190,0,Sleep stage W
8220,0,Sleep stage W
8250,0,Sleep stage W
8280,0,Sleep stage W
8310,0,Sleep stage W
8340,0,Sleep stage W
8370,0,Sleep stage W
8400,0,Sleep stage W
8430,0,Sleep stage W
8460,0,Sleep stage W
8490,0,Sleep stage W
8520,0,Sleep stage W
8550,0,Sleep stage W
8580,0,Sleep stage W
8610,0,Sleep stage W
8640,0,Sleep stage W
8670,0,Sleep stage W
8700,0,Sleep stage W
8730,0,Sleep stage W
8760,0,Sleep stage W
8790,0,Sleep stage W
8820,0,Sleep stage W
8850,0,Sleep stage W
8880,0,Sleep stage W
8910,0,Sleep stage W
8940,0,Sleep stage W
8970,0,Sleep stage W
9000,0,Sleep stage W
9030,0,Sleep stage W
9060,0,Sleep stage W
9090,0,Sleep stage W
9120,0,Sleep stage W
9150,0,Sleep stage W
9180,0,Sleep stage W
9210,0,Sleep stage W
9240,0,Sleep stage W
9270,0,Sleep stage W
9300,0,Sleep stage W
9330,0,Sleep stage W
9360,0,Sleep stage W
9390,0,Sleep stage W
9420,0,Sleep stage W
9450,0,Sleep stage W
9480,0,Sleep stage W
9510,0,Sleep stage W
9540,0,Sleep stage W
9570,0,Sleep stage W
9600,0,Sleep stage W
9630,0,Sleep stage W
9660,0,Sleep stage W
9690,0,Sleep stage W
9720,0,Sleep stage W
9750,0,Sleep stage W
9780,0,Sleep stage W
9810,0,Sleep stage W
9840,0,Sleep stage W
9870,0,Sleep stage W
9900,0,Sleep stage W
9930,0,Sleep stage W
9960,0,Sleep stage W
9990,0,Sleep stage W
10020,0,Sleep stage W
10050,0,Sleep stage W
10080,0,Sleep stage W
10110,0,Sleep stage W
10140,0,Sleep stage W
10170,0,Sleep stage W
10200,0,Sleep stage W
10230,0,Sleep stage W
10260,0,Sleep stage W
10290,0,Sleep stage W
10320,0,Sleep stage W
10350,0,Sleep stage W
10380,0,Sleep stage W
10410,0,Sleep stage W
10440,0,Sleep stage W
10470,0,Sleep stage W
10500,0,Sleep stage W
10530,0,Sleep stage W
10560,0,Sleep stage W
10590,0,Sleep stage W
10620,0,Sleep stage W
10650,0,Sleep stage W
10680,0,Sleep stage W
10710,0,Sleep stage W
10740,0,Sleep stage W
10770,0,Sleep stage W
10800,0,Sleep stage W
10830,0,Sleep stage W
10860,0,Sleep stage W
10890,0,Sleep stage W
10920,0,Sleep stage W
10950,0,Sleep stage W
10980,0,Sleep stage W
11010,0,Sleep stage W
11040,0,Sleep stage W
11070,0,Sleep stage W
11100,0,Sleep stage W
11130,0,Sleep stage W
11160,0,Sleep stage W
11190,0,Sleep stage W
11220,0,Sleep stage W
11250,0,Sleep stage W
11280,0,Sleep stage W
11310,0,Sleep stage W
11340,0,Sleep stage W
11370,0,Sleep stage W
11400,0,Sleep stage W
11430,0,Sleep stage W
11460,0,Sleep stage W
11490,0,Sleep stage W
11520,0,Sleep stage W
11550,0,Sleep stage W
11580,0,Sleep stage W
11610,0,Sleep stage W
11640,0,Sleep stage W
11670,0,Sleep stage W
11700,0,Sleep stage W
11730,0,Sleep stage W
11760,0,Sleep stage W
11790,0,Sleep stage W
11820,0,Sleep stage W
11850,0,Sleep stage W
11880,0,Sleep stage W
11910,0,Sleep stage W
11940,0,Sleep stage W
11970,0,Sleep stage W
12000,0,Sleep stage W
12030,0,Sleep stage W
12060,0,Sleep stage W
12090,0,Sleep stage W
12120,0,Sleep stage W
12150,0,Sleep stage W
12180,0,Sleep stage W
12210,0,Sleep stage W
12240,0,Sleep stage W
12270,0,Sleep stage W
12300,0,Sleep stage W
12330,0,Sleep stage W
12360,0,Sleep stage W
12390,0,Sleep stage W
12420,0,Sleep stage W
12450,0,Sleep stage W
12480,0,Sleep stage W
12510,0,Sleep stage W
12540,0,Sleep stage W
12570,0,Sleep stage W
12600,0,Sleep stage W
12630,0,Sleep stage W
12660,0,Sleep stage W
12690,0,Sleep stage W
12720,0,Sleep stage W
12750,0,Sleep stage W
12780,0,Sleep stage W
12810,0,Sleep stage W
12840,0,Sleep stage W
12870,0,Sleep stage W
12900,0,Sleep stage W
12930,0,Sleep stage W
12960,0,Sleep stage W
12990,0,Sleep stage W
13020,0,Sleep stage W
13050,0,Sleep stage W
13080,0,Sleep stage W
13110,0,Sleep stage W
13140,0,Sleep stage W
13170,0,Sleep stage W
13200,0,Sleep stage W
13230,0,Sleep stage W
13260,0,Sleep stage W
13290,0,Sleep stage W
13320,0,Sleep stage W
13350,0,Sleep stage W
13380,0,Sleep stage W
13410,0,Sleep stage W
13440,0,Sleep stage W
13470,0,Sleep stage W
13500,0,Sleep stage W
13530,0,Sleep stage W
13560,0,Sleep stage W
13590,0,Sleep stage W
13620,0,Sleep stage W
13650,0,Sleep stage W
13680,0,Sleep stage W
13710,0,Sleep stage W
13740,0,Sleep stage W
13770,0,Sleep stage W
13800,0,Sleep stage W
13830,0,Sleep stage W
13860,0,Sleep stage W
13890,0,Sleep stage W
13920,0,Sleep stage W
13950,0,Sleep stage W
13980,0,Sleep stage W
14010,0,Sleep stage W
14040,0,Sleep stage W
14070,0,Sleep stage W
14100,0,Sleep stage W
14130,0,Sleep stage W
14160,0,Sleep stage W
14190,0,Sleep stage W
14220,0,Sleep stage W
14250,0,Sleep stage W
14280,0,Sleep stage W
14310,0,Sleep stage W
14340,0,Sleep stage W
14370,0,Sleep stage W
14400,0,Sleep stage W
14430,0,Sleep stage W
14460,0,Sleep stage W
14490,0,Sleep stage W
14520,0,Sleep stage W
14550,0,Sleep stage W
14580,0,Sleep stage W
14610,0,Sleep stage W
14640,0,Sleep stage W
14670,0,Sleep stage W
14700,0,Sleep stage W
14730,0,Sleep stage W
14760,0,Sleep stage W
14790,0,Sleep stage W
14820,0,Sleep stage W
14850,0,Sleep stage W
14880,0,Sleep stage W
14910,0,Sleep stage W
14940,0,Sleep stage W
14970,0,Sleep stage W
15000,0,Sleep stage W
15030,0,Sleep stage W
15060,0,Sleep stage W
15090,0,Sleep stage W
15120,0,Sleep stage W
15150,0,Sleep stage W
15180,0,Sleep stage W
15210,0,Sleep stage W
15240,0,Sleep stage W
15270,0,Sleep stage W
15300,0,Sleep stage W
15330,0,Sleep stage W
15360,0,Sleep stage W
15390,0,Sleep stage W
15420,0,Sleep stage W
15450,0,Sleep stage W
15480,0,Sleep stage W
15510,0,Sleep stage W
15540,0,Sleep stage W
15570,0,Sleep stage W
15600,0,Sleep stage W
15630,0,Sleep stage W
15660,0,Sleep stage W
15690,0,Sleep stage W
15720,0,Sleep stage W
15750,0,Sleep stage W
15780,0,Sleep stage W
15810,0,Sleep stage W
15840,0,Sleep stage W
15870,0,Sleep stage W
15900,0,Sleep stage W
15930,0,Sleep stage W
15960,0,Sleep stage W
15990,0,Sleep stage W
16020,0,Sleep stage W
16050,0,Sleep stage W
16080,0,Sleep stage W
16110,0,Sleep stage W
16140,0,Sleep stage W
16170,0,Sleep stage W
16200,0,Sleep stage W
16230,0,Sleep stage W
16260,0,Sleep stage W
16290,0,Sleep stage W
16320,0,Sleep stage W
16350,0,Sleep stage W
16380,0,Sleep stage W
16410,0,Sleep stage W
16440,0,Sleep stage W
16470,0,Sleep stage W
16500,0,Sleep stage W
16530,0,Sleep stage W
16560,0,Sleep stage W
16590,0,Sleep stage W
16620,0,Sleep stage W
16650,0,Sleep stage W
16680,0,Sleep stage W
16710,0,Sleep stage W
16740,0,Sleep stage W
16770,0,Sleep stage W
16800,0,Sleep stage W
16830,0,Sleep stage W
16860,0,Sleep stage W
16890,0,Sleep stage W
16920,0,Sleep stage W
16950,0,Sleep stage W
16980,0,Sleep stage W
17010,0,Sleep stage W
17040,0,Sleep stage W
17070,0,Sleep stage W
17100,0,Sleep stage W
17130,0,Sleep stage W
17160,0,Sleep stage W
17190,0,Sleep stage W
17220,0,Sleep stage W
17250,0,Sleep stage W
17280,0,Sleep stage W
17310,0,Sleep stage W
17340,0,Sleep stage W
17370,0,Sleep stage W
17400,0,Sleep stage W
17430,0,Sleep stage W
17460,0,Sleep stage W
17490,0,Sleep stage W
17520,0,Sleep stage W
17550,0,Sleep stage W
17580,0,Sleep stage W
17610,0,Sleep stage W
17640,0,Sleep stage W
17670,0,Sleep stage W
17700,0,Sleep stage W
17730,0,Sleep stage W
17760,0,Sleep stage W
17790,0,Sleep stage W
17820,0,Sleep stage W
17850,0,Sleep stage W
17880,0,Sleep stage W
17910,0,Sleep stage W
17940,0,Sleep stage W
17970,0,Sleep stage W
18000,0,Sleep stage W
18030,0,Sleep stage W
18060,0,Sleep stage W
18090,0,Sleep stage W
18120,0,Sleep stage W
18150,0,Sleep stage W
18180,0,Sleep stage W
18210,0,Sleep stage W
18240,0,Sleep stage W
18270,0,Sleep stage W
18300,0,Sleep stage W
18330,0,Sleep stage W
18360,0,Sleep stage W
18390,0,Sleep stage W
18420,0,Sleep stage W
18450,0,Sleep stage W
18480,0,Sleep stage W
18510,0,Sleep stage W
18540,0,Sleep stage W
18570,0,Sleep stage W
18600,0,Sleep stage W
18630,0,Sleep stage W
18660,0,Sleep stage W
18690,0,Sleep stage W
18720,0,Sleep stage W
18750,0,Sleep stage W
18780,0,Sleep stage W
18810,0,Sleep stage W
18840,0,Sleep stage W
18870,0,Sleep stage W
18900,0,Sleep stage W
18930,0,Sleep stage W
18960,0,Sleep stage W
18990,0,Sleep stage W
19020,0,Sleep stage W
19050,0,Sleep stage W
19080,0,Sleep stage W
19110,0,Sleep stage W
19140,0,Sleep stage W
19170,0,Sleep stage W
19200,0,Sleep stage W
19230,0,Sleep stage W
19260,0,Sleep stage W
19290,0,Sleep stage W
19320,0,Sleep stage W
19350,0,Sleep stage W
19380,0,Sleep stage W
19410,0,Sleep stage W
19440,0,Sleep stage W
19470,0,Sleep stage W
19500,0,Sleep stage W
19530,0,Sleep stage W
19560,0,Sleep stage W
19590,0,Sleep stage W
19620,0,Sleep stage W
19650,0,Sleep stage W
19680,0,Sleep stage W
19710,0,Sleep stage W
19740,0,Sleep stage W
19770,0,Sleep stage W
19800,0,Sleep stage W
19830,0,Sleep stage W
19860,0,Sleep stage W
19890,0,Sleep stage W
19920,0,Sleep stage W
19950,0,Sleep stage W
19980,0,Sleep stage W
20010,0,Sleep stage W
20040,0,Sleep stage W
20070,0,Sleep stage W
20100,0,Sleep stage W
20130,0,Sleep stage W
20160,0,Sleep stage W
20190,0,Sleep stage W
20220,0,Sleep stage W
20250,0,Sleep stage W
20280,0,Sleep stage W
20310,0,Sleep stage W
20340,0,Sleep stage W
20370,0,Sleep stage W
20400,0,Sleep stage W
20430,0,Sleep stage W
20460,0,Sleep stage W
20490,0,Sleep stage W
20520,0,Sleep stage W
20550,0,Sleep stage W
20580,0,Sleep stage W
20610,0,Sleep stage W
20640,0,Sleep stage W
20670,0,Sleep stage W
20700,0,Sleep stage W
20730,0,Sleep stage W
20760,0,Sleep stage W
20790,0,Sleep stage W
20820,0,Sleep stage W
20850,0,Sleep stage W
20880,0,Sleep stage W
20910,0,Sleep stage W
20940,0,Sleep stage W
20970,0,Sleep stage W
21000,0,Sleep stage W
21030,0,Sleep stage W
21060,0,Sleep stage W
21090,0,Sleep stage W
21120,0,Sleep stage W
21150,0,Sleep stage W
21180,0,Sleep stage W
21210,0,Sleep stage W
21240,0,Sleep stage W
21270,0,Sleep stage W
21300,0,Sleep stage W
21330,0,Sleep stage W
21360,0,Sleep stage W
21390,0,Sleep stage W
21420,0,Sleep stage W
21450,0,Sleep stage W
21480,0,Sleep stage W
21510,0,Sleep stage W
21540,0,Sleep stage W
21570,0,Sleep stage W
21600,0,Sleep stage W
21630,0,Sleep stage W
21660,0,Sleep stage W
21690,0,Sleep stage W
21720,0,Sleep stage W
21750,0,Sleep stage W
21780,0,Sleep stage W
21810,0,Sleep stage W
21840,0,Sleep stage W
21870,0,Sleep stage W
21900,0,Sleep stage W
21930,0,Sleep stage W
21960,0,Sleep stage W
21990,0,Sleep stage W
22020,0,Sleep stage W
22050,0,Sleep stage W
22080,0,Sleep stage W
22110,0,Sleep stage W
22140,0,Sleep stage W
22170,0,Sleep stage W
22200,0,Sleep stage W
22230,0,Sleep stage W
22260,0,Sleep stage W
22290,0,Sleep stage W
22320,0,Sleep stage W
22350,0,Sleep stage W
22380,0,Sleep stage W
22410,0,Sleep stage W
22440,0,Sleep stage W
22470,0,Sleep stage W
22500,0,Sleep stage W
22530,0,Sleep stage W
22560,0,Sleep stage W
22590,0,Sleep stage W
22620,0,Sleep stage W
22650,0,Sleep stage W
22680,0,Sleep stage W
22710,0,Sleep stage W
22740,0,Sleep stage W
22770,0,Sleep stage W
22800,0,Sleep stage W
22830,0,Sleep stage W
22860,0,Sleep stage W
22890,0,Sleep stage W
22920,0,Sleep stage W
22950,0,Sleep stage W
22980,0,Sleep stage W
23010,0,Sleep stage W
23040,0,Sleep stage W
23070,0,Sleep stage W
23100,0,Sleep stage W
23130,0,Sleep stage W
23160,0,Sleep stage W
23190,0,Sleep stage W
23220,0,Sleep stage W
23250,0,Sleep stage W
23280,0,Sleep stage W
23310,0,Sleep stage W
23340,0,Sleep stage W
23370,0,Sleep stage W
23400,0,Sleep stage W
23430,0,Sleep stage W
23460,0,Sleep stage W
23490,0,Sleep stage W
23520,0,Sleep stage W
23550,0,Sleep stage W
23580,0,Sleep stage W
23610,0,Sleep stage W
23640,0,Sleep stage W
23670,0,Sleep stage W
23700,0,Sleep stage W
23730,0,Sleep stage W
23760,0,Sleep stage W
23790,0,Sleep stage W
23820,0,Sleep stage W
23850,0,Sleep stage W
23880,0,Sleep stage W
23910,0,Sleep stage W
23940,0,Sleep stage W
23970,0,Sleep stage W
24000,0,Sleep stage W
24030,0,Sleep stage W
24060,0,Sleep stage W
24090,0,Sleep stage W
24120,0,Sleep stage W
24150,0,Sleep stage W
24180,0,Sleep stage W
24210,0,Sleep stage W
24240,0,Sleep stage W
24270,0,Sleep stage W
24300,0,Sleep stage W
24330,0,Sleep stage W
24360,0,Sleep stage W
24390,0,Sleep stage W
24420,0,Sleep stage W
24450,0,Sleep stage W
24480,0,Sleep stage W
24510,0,Sleep stage W
24540,0,Sleep stage W
24570,0,Sleep stage W
24600,0,Sleep stage W
24630,0,Sleep stage W
24660,0,Sleep stage W
24690,0,Sleep stage W
24720,0,Sleep stage W
24750,0,Sleep stage W
24780,0,Sleep stage W
24810,0,Sleep stage W
24840,0,Sleep stage W
24870,0,Sleep stage W
24900,0,Sleep stage W
24930,0,Sleep stage W
24960,0,Sleep stage W
24990,0,Sleep stage W
25020,0,Sleep stage W
25050,0,Sleep stage W
25080,0,Sleep stage W
25110,0,Sleep stage W
25140,0,Sleep stage W
25170,0,Sleep stage W
25200,0,Sleep stage W
25230,0,Sleep stage W
25260,0,Sleep stage W
25290,0,Sleep stage W
25320,0,Sleep stage W
25350,0,Sleep stage W
25380,0,Sleep stage W
25410,0,Sleep stage W
25440,0,Sleep stage W
25470,0,Sleep stage W
25500,0,Sleep stage W
25530,0,Sleep stage W
25560,0,Sleep stage W
25590,0,Sleep stage W
25620,0,Sleep stage W
25650,0,Sleep stage W
25680,0,Sleep stage W
25710,0,Sleep stage W
25740,0,Sleep stage W
25770,0,Sleep stage W
25800,0,Sleep stage W
25830,0,Sleep stage W
25860,0,Sleep stage W
25890,0,Sleep stage W
25920,0,Sleep stage W
25950,0,Sleep stage W
25980,0,Sleep stage W
26010,0,Sleep stage W
26040,0,Sleep stage W
26070,0,Sleep stage W
26100,0,Sleep stage W
26130,0,Sleep stage W
26160,0,Sleep stage W
26190,0,Sleep stage W
26220,0,Sleep stage W
26250,0,Sleep stage W
26280,0,Sleep stage W
26310,0,Sleep stage W
26340,0,Sleep stage W
26370,0,Sleep stage W
26400,0,Sleep stage W
26430,0,Sleep stage W
26460,0,Sleep stage W
26490,0,Sleep stage W
26520,0,Sleep stage W
26550,0,Sleep stage W
26580,0,Sleep stage W
26610,0,Sleep stage W
26640,0,Sleep stage W
26670,0,Sleep stage W
26700,0,Sleep stage W
26730,0,Sleep stage W
26760,0,Sleep stage W
26790,0,Sleep stage W
26820,0,Sleep stage W
26850,0,Sleep stage W
26880,0,Sleep stage W
26910,0,Sleep stage W
26940,0,Sleep stage W
26970,0,Sleep stage W
27000,0,Sleep stage W
27030,0,Sleep stage W
27060,0,Sleep stage W
27090,0,Sleep stage W
27120,0,Sleep stage W
27150,0,Sleep stage W
27180,0,Sleep stage W
27210,0,Sleep stage W
27240,0,Sleep stage W
27270,0,Sleep stage W
27300,0,Sleep stage W
27330,0,Sleep stage W
27360,0,Sleep stage W
27390,0,Sleep stage W
27420,0,Sleep stage W
27450,0,Sleep stage W
27480,0,Sleep stage W
27510,0,Sleep stage W
27540,0,Sleep stage W
27570,0,Sleep stage W
27600,0,Sleep stage W
27630,0,Sleep stage W
27660,0,Sleep stage W
27690,0,Sleep stage W
27720,0,Sleep stage W
27750,0,Sleep stage W
27780,0,Sleep stage W
27810,0,Sleep stage W
27840,0,Sleep stage W
27870,0,Sleep stage W
27900,0,Sleep stage W
27930,0,Sleep stage W
27960,0,Sleep stage W
27990,0,Sleep stage W
28020,0,Sleep stage W
28050,0,Sleep stage W
28080,0,Sleep stage W
28110,0,Sleep stage W
28140,0,Sleep stage W
28170,0,Sleep stage W
28200,0,Sleep stage W
28230,0,Sleep stage W
28260,0,Sleep stage W
28290,0,Sleep stage W
28320,0,Sleep stage W
28350,0,Sleep stage W
28380,0,Sleep stage W
28410,0,Sleep stage W
28440,0,Sleep stage W
28470,0,Sleep stage W
28500,0,Sleep stage W
28530,0,Sleep stage W
28560,0,Sleep stage W
28590,0,Sleep stage W
28620,0,Sleep stage W
28650,0,Sleep stage W
28680,0,Sleep stage W
28710,0,Sleep stage W
28740,0,Sleep stage W
28770,0,Sleep stage W
28800,0,Sleep stage W
28830,0,Sleep stage W
28860,0,Sleep stage W
28890,0,Sleep stage W
28920,0,Sleep stage W
28950,0,Sleep stage W
28980,0,Sleep stage W
29010,0,Sleep stage W
29040,0,Sleep stage W
29070,0,Sleep stage W
29100,0,Sleep stage W
29130,0,Sleep stage W
29160,0,Sleep stage W
29190,0,Sleep stage W
29220,0,Sleep stage W
29250,0,Sleep stage W
29280,0,Sleep stage W
29310,0,Sleep stage W
29340,0,Sleep stage W
29370,0,Sleep stage W
29400,0,Sleep stage W
29430,0,Sleep stage W
29460,0,Sleep stage W
29490,0,Sleep stage W
29520,0,Sleep stage W
29550,0,Sleep stage W
29580,0,Sleep stage W
29610,0,Sleep stage W
29640,0,Sleep stage W
29670,0,Sleep stage W
29700,0,Sleep stage W
29730,0,Sleep stage W
29760,0,Sleep stage W
29790,0,Sleep stage W
29820,0,Sleep stage W
29850,0,Sleep stage W
29880,0,Sleep stage W
29910,0,Sleep stage W
29940,0,Sleep stage W
29970,0,Sleep stage W
30000,0,Sleep stage W
30030,0,Sleep stage W
30060,0,Sleep stage W
30090,0,Sleep stage W
30120,0,Sleep stage W
30150,0,Sleep stage W
30180,0,Sleep stage W
30210,0,Sleep stage W
30240,0,Sleep stage W
30270,0,Sleep stage W
30300,0,Sleep stage W
30330,0,Sleep stage W
30360,0,Sleep stage W
30390,0,Sleep stage W
30420,0,Sleep stage W
30450,0,Sleep stage W
30480,0,Sleep stage W
30510,0,Sleep stage W
30540,0,Sleep stage W
30570,0,Sleep stage W
30600,0,Sleep stage W
30630,1,Sleep stage 1
30660,1,Sleep stage 1
30690,1,Sleep stage 1
30720,1,Sleep stage 1
30750,2,Sleep stage 2
30780,2,Sleep stage 2
30810,2,Sleep stage 2
30840,2,Sleep stage 2
30870,2,Sleep stage 2
30900,2,Sleep stage 2
30930,2,Sleep stage 2
30960,2,Sleep stage 2
30990,2,Sleep stage 2
31020,2,Sleep stage 2
31050,2,Sleep stage 2
31080,2,Sleep stage 2
31110,2,Sleep stage 2
31140,3,Sleep stage 3
31170,2,Sleep stage 2
31200,3,Sleep stage 3
31230,3,Sleep stage 3
31260,3,Sleep stage 3
31290,3,Sleep stage 3
31320,3,Sleep stage 3
31350,3,Sleep stage 4
31380,3,Sleep stage 3
31410,3,Sleep stage 3
31440,3,Sleep stage 4
31470,3,Sleep stage 4
31500,3,Sleep stage 3
31530,3,Sleep stage 4
31560,3,Sleep stage 4
31590,3,Sleep stage 4
31620,3,Sleep stage 4
31650,3,Sleep stage 3
31680,3,Sleep stage 4
31710,3,Sleep stage 4
31740,3,Sleep stage 4
31770,3,Sleep stage 4
31800,0,Sleep stage W
31830,3,Sleep stage 3
31860,3,Sleep stage 3
31890,2,Sleep stage 2
31920,2,Sleep stage 2
31950,3,Sleep stage 3
31980,3,Sleep stage 3
32010,3,Sleep stage 3
32040,3,Sleep stage 3
32070,3,Sleep stage 4
32100,3,Sleep stage 3
32130,3,Sleep stage 4
32160,3,Sleep stage 4
32190,3,Sleep stage 4
32220,3,Sleep stage 4
32250,2,Sleep stage 2
32280,2,Sleep stage 2
32310,2,Sleep stage 2
32340,2,Sleep stage 2
32370,2,Sleep stage 2
32400,2,Sleep stage 2
32430,2,Sleep stage 2
32460,3,Sleep stage 3
32490,2,Sleep stage 2
32520,2,Sleep stage 2
32550,3,Sleep stage 3
32580,3,Sleep stage 3
32610,3,Sleep stage 3
32640,3,Sleep stage 3
32670,1,Sleep stage 1
32700,2,Sleep stage 2
32730,2,Sleep stage 2
32760,2,Sleep stage 2
32790,2,Sleep stage 2
32820,2,Sleep stage 2
32850,3,Sleep stage 3
32880,3,Sleep stage 3
32910,2,Sleep stage 2
32940,3,Sleep stage 3
32970,2,Sleep stage 2
33000,3,Sleep stage 3
33030,3,Sleep stage 3
33060,3,Sleep stage 3
33090,3,Sleep stage 3
33120,3,Sleep stage 4
33150,3,Sleep stage 4
33180,3,Sleep stage 4
33210,3,Sleep stage 4
33240,3,Sleep stage 4
33270,3,Sleep stage 3
33300,2,Sleep stage 2
33330,3,Sleep stage 3
33360,3,Sleep stage 3
33390,3,Sleep stage 4
33420,3,Sleep stage 3
33450,3,Sleep stage 3
33480,3,Sleep stage 3
33510,3,Sleep stage 4
33540,3,Sleep stage 4
33570,3,Sleep stage 4
33600,3,Sleep stage 4
33630,3,Sleep stage 4
33660,3,Sleep stage 4
33690,3,Sleep stage 4
33720,3,Sleep stage 4
33750,3,Sleep stage 4
33780,3,Sleep stage 4
33810,3,Sleep stage 4
33840,3,Sleep stage 4
33870,3,Sleep stage 4
33900,3,Sleep stage 4
33930,3,Sleep stage 4
33960,3,Sleep stage 4
33990,3,Sleep stage 4
34020,3,Sleep stage 4
34050,3,Sleep stage 4
34080,3,Sleep stage 4
34110,3,Sleep stage 4
34140,3,Sleep stage 4
34170,3,Sleep stage 4
34200,3,Sleep stage 4
34230,3,Sleep stage 4
34260,3,Sleep stage 4
34290,3,Sleep stage 4
34320,3,Sleep stage 4
34350,3,Sleep stage 4
34380,3,Sleep stage 4
34410,3,Sleep stage 4
34440,3,Sleep stage 4
34470,3,Sleep stage 4
34500,3,Sleep stage 4
34530,3,Sleep stage 4
34560,3,Sleep stage 4
34590,3,Sleep stage 4
34620,3,Sleep stage 4
34650,3,Sleep stage 4
34680,3,Sleep stage 4
34710,3,Sleep stage 4
34740,3,Sleep stage 4
34770,3,Sleep stage 4
34800,3,Sleep stage 4
34830,3,Sleep stage 4
34860,3,Sleep stage 4
34890,3,Sleep stage 4
34920,3,Sleep stage 4
34950,3,Sleep stage 4
34980,3,Sleep stage 4
35010,3,Sleep stage 4
35040,3,Sleep stage 4
35070,3,Sleep stage 4
35100,3,Sleep stage 4
35130,3,Sleep stage 4
35160,3,Sleep stage 4
35190,3,Sleep stage 4
35220,3,Sleep stage 4
35250,3,Sleep stage 4
35280,3,Sleep stage 4
35310,3,Sleep stage 4
35340,3,Sleep stage 4
35370,3,Sleep stage 4
35400,1,Sleep stage 1
35430,3,Sleep stage 3
35460,3,Sleep stage 3
35490,3,Sleep stage 3
35520,3,Sleep stage 3
35550,3,Sleep stage 3
35580,3,Sleep stage 3
35610,3,Sleep stage 3
35640,2,Sleep stage 2
35670,2,Sleep stage 2
35700,3,Sleep stage 3
35730,3,Sleep stage 3
35760,3,Sleep stage 3
35790,2,Sleep stage 2
35820,2,Sleep stage 2
35850,2,Sleep stage 2
35880,2,Sleep stage 2
35910,2,Sleep stage 2
35940,3,Sleep stage 3
35970,4,Sleep stage R
36000,4,Sleep stage R
36030,4,Sleep stage R
36060,4,Sleep stage R
36090,4,Sleep stage R
36120,4,Sleep stage R
36150,4,Sleep stage R
36180,4,Sleep stage R
36210,4,Sleep stage R
36240,4,Sleep stage R
36270,4,Sleep stage R
36300,4,Sleep stage R
36330,4,Sleep stage R
36360,4,Sleep stage R
36390,4,Sleep stage R
36420,4,Sleep stage R
36450,4,Sleep stage R
36480,4,Sleep stage R
36510,4,Sleep stage R
36540,4,Sleep stage R
36570,4,Sleep stage R
36600,4,Sleep stage R
36630,4,Sleep stage R
36660,4,Sleep stage R
36690,4,Sleep stage R
36720,4,Sleep stage R
36750,4,Sleep stage R
36780,4,Sleep stage R
36810,4,Sleep stage R
36840,1,Sleep stage 1
36870,1,Sleep stage 1
36900,1,Sleep stage 1
36930,1,Sleep stage 1
36960,1,Sleep stage 1
36990,1,Sleep stage 1
37020,2,Sleep stage 2
37050,2,Sleep stage 2
37080,2,Sleep stage 2
37110,2,Sleep stage 2
37140,2,Sleep stage 2
37170,2,Sleep stage 2
37200,2,Sleep stage 2
37230,2,Sleep stage 2
37260,3,Sleep stage 3
37290,1,Sleep stage 1
37320,1,Sleep stage 1
37350,1,Sleep stage 1
37380,1,Sleep stage 1
37410,2,Sleep stage 2
37440,2,Sleep stage 2
37470,2,Sleep stage 2
37500,1,Sleep stage 1
37530,2,Sleep stage 2
37560,2,Sleep stage 2
37590,2,Sleep stage 2
37620,2,Sleep stage 2
37650,2,Sleep stage 2
37680,2,Sleep stage 2
37710,2,Sleep stage 2
37740,2,Sleep stage 2
37770,2,Sleep stage 2
37800,2,Sleep stage 2
37830,2,Sleep stage 2
37860,2,Sleep stage 2
37890,2,Sleep stage 2
37920,2,Sleep stage 2
37950,2,Sleep stage 2
37980,2,Sleep stage 2
38010,2,Sleep stage 2
38040,2,Sleep stage 2
38070,2,Sleep stage 2
38100,2,Sleep stage 2
38130,2,Sleep stage 2
38160,2,Sleep stage 2
38190,2,Sleep stage 2
38220,2,Sleep stage 2
38250,2,Sleep stage 2
38280,2,Sleep stage 2
38310,2,Sleep stage 2
38340,2,Sleep stage 2
38370,2,Sleep stage 2
38400,2,Sleep stage 2
38430,2,Sleep stage 2
38460,3,Sleep stage 3
38490,2,Sleep stage 2
38520,3,Sleep stage 3
38550,3,Sleep stage 3
38580,3,Sleep stage 4
38610,3,Sleep stage 3
38640,3,Sleep stage 4
38670,3,Sleep stage 3
38700,3,Sleep stage 4
38730,3,Sleep stage 3
38760,2,Sleep stage 2
38790,2,Sleep stage 2
38820,2,Sleep stage 2
38850,2,Sleep stage 2
38880,2,Sleep stage 2
38910,3,Sleep stage 3
38940,3,Sleep stage 3
38970,3,Sleep stage 4
39000,3,Sleep stage 4
39030,3,Sleep stage 4
39060,3,Sleep stage 3
39090,3,Sleep stage 3
39120,3,Sleep stage 4
39150,3,Sleep stage 3
39180,3,Sleep stage 4
39210,3,Sleep stage 4
39240,3,Sleep stage 3
39270,3,Sleep stage 3
39300,3,Sleep stage 4
39330,3,Sleep stage 4
39360,3,Sleep stage 4
39390,3,Sleep stage 4
39420,3,Sleep stage 4
39450,3,Sleep stage 4
39480,3,Sleep stage 3
39510,3,Sleep stage 3
39540,3,Sleep stage 4
39570,3,Sleep stage 3
39600,3,Sleep stage 4
39630,3,Sleep stage 4
39660,3,Sleep stage 4
39690,3,Sleep stage 4
39720,3,Sleep stage 4
39750,3,Sleep stage 4
39780,3,Sleep stage 4
39810,3,Sleep stage 4
39840,3,Sleep stage 4
39870,1,Sleep stage 1
39900,2,Sleep stage 2
39930,2,Sleep stage 2
39960,1,Sleep stage 1
39990,2,Sleep stage 2
40020,2,Sleep stage 2
40050,2,Sleep stage 2
40080,2,Sleep stage 2
40110,2,Sleep stage 2
40140,2,Sleep stage 2
40170,2,Sleep stage 2
40200,1,Sleep stage 1
40230,2,Sleep stage 2
40260,2,Sleep stage 2
40290,1,Sleep stage 1
40320,2,Sleep stage 2
40350,2,Sleep stage 2
40380,2,Sleep stage 2
40410,2,Sleep stage 2
40440,2,Sleep stage 2
40470,2,Sleep stage 2
40500,4,Sleep stage R
40530,4,Sleep stage R
40560,4,Sleep stage R
40590,4,Sleep stage R
40620,4,Sleep stage R
40650,4,Sleep stage R
40680,4,Sleep stage R
40710,4,Sleep stage R
40740,4,Sleep stage R
40770,4,Sleep stage R
40800,4,Sleep stage R
40830,4,Sleep stage R
40860,4,Sleep stage R
40890,4,Sleep stage R
40920,4,Sleep stage R
40950,4,Sleep stage R
40980,4,Sleep stage R
41010,4,Sleep stage R
41040,4,Sleep stage R
41070,4,Sleep stage R
41100,4,Sleep stage R
41130,4,Sleep stage R
41160,4,Sleep stage R
41190,4,Sleep stage R
41220,4,Sleep stage R
41250,4,Sleep stage R
41280,4,Sleep stage R
41310,4,Sleep stage R
41340,4,Sleep stage R
41370,2,Sleep stage 2
41400,1,Sleep stage 1
41430,1,Sleep stage 1
41460,0,Sleep stage W
41490,1,Sleep stage 1
41520,1,Sleep stage 1
41550,1,Sleep stage 1
41580,1,Sleep stage 1
41610,2,Sleep stage 2
41640,2,Sleep stage 2
41670,2,Sleep stage 2
41700,2,Sleep stage 2
41730,2,Sleep stage 2
41760,2,Sleep stage 2
41790,2,Sleep stage 2
41820,2,Sleep stage 2
41850,2,Sleep stage 2
41880,2,Sleep stage 2
41910,2,Sleep stage 2
41940,2,Sleep stage 2
41970,2,Sleep stage 2
42000,2,Sleep stage 2
42030,2,Sleep stage 2
42060,2,Sleep stage 2
42090,2,Sleep stage 2
42120,2,Sleep stage 2
42150,2,Sleep stage 2
42180,2,Sleep stage 2
42210,2,Sleep stage 2
42240,2,Sleep stage 2
42270,2,Sleep stage 2
42300,2,Sleep stage 2
42330,2,Sleep stage 2
42360,2,Sleep stage 2
42390,2,Sleep stage 2
42420,2,Sleep stage 2
42450,2,Sleep stage 2
42480,1,Sleep stage 1
42510,2,Sleep stage 2
42540,1,Sleep stage 1
42570,2,Sleep stage 2
42600,2,Sleep stage 2
42630,2,Sleep stage 2
42660,2,Sleep stage 2
42690,2,Sleep stage 2
42720,2,Sleep stage 2
42750,2,Sleep stage 2
42780,2,Sleep stage 2
42810,2,Sleep stage 2
42840,2,Sleep stage 2
42870,3,Sleep stage 3
42900,2,Sleep stage 2
42930,2,Sleep stage 2
42960,2,Sleep stage 2
42990,2,Sleep stage 2
43020,2,Sleep stage 2
43050,2,Sleep stage 2
43080,2,Sleep stage 2
43110,2,Sleep stage 2
43140,2,Sleep stage 2
43170,2,Sleep stage 2
43200,2,Sleep stage 2
43230,2,Sleep stage 2
43260,2,Sleep stage 2
43290,3,Sleep stage 3
43320,2,Sleep stage 2
43350,3,Sleep stage 3
43380,2,Sleep stage 2
43410,3,Sleep stage 3
43440,3,Sleep stage 3
43470,3,Sleep stage 3
43500,3,Sleep stage 3
43530,3,Sleep stage 3
43560,3,Sleep stage 3
43590,3,Sleep stage 4
43620,3,Sleep stage 4
43650,3,Sleep stage 4
43680,3,Sleep stage 3
43710,2,Sleep stage 2
43740,2,Sleep stage 2
43770,2,Sleep stage 2
43800,2,Sleep stage 2
43830,2,Sleep stage 2
43860,2,Sleep stage 2
43890,2,Sleep stage 2
43920,3,Sleep stage 3
43950,3,Sleep stage 3
43980,2,Sleep stage 2
44010,3,Sleep stage 4
44040,3,Sleep stage 3
44070,3,Sleep stage 3
44100,3,Sleep stage 3
44130,3,Sleep stage 3
44160,3,Sleep stage 3
44190,3,Sleep stage 3
44220,3,Sleep stage 4
44250,3,Sleep stage 4
44280,3,Sleep stage 3
44310,3,Sleep stage 3
44340,3,Sleep stage 4
44370,3,Sleep stage 4
44400,3,Sleep stage 3
44430,3,Sleep stage 3
44460,3,Sleep stage 3
44490,3,Sleep stage 3
44520,2,Sleep stage 2
44550,2,Sleep stage 2
44580,2,Sleep stage 2
44610,2,Sleep stage 2
44640,3,Sleep stage 3
44670,3,Sleep stage 4
44700,2,Sleep stage 2
44730,4,Sleep stage R
44760,4,Sleep stage R
44790,4,Sleep stage R
44820,4,Sleep stage R
44850,4,Sleep stage R
44880,4,Sleep stage R
44910,4,Sleep stage R
44940,4,Sleep stage R
44970,1,Sleep stage 1
45000,4,Sleep stage R
45030,4,Sleep stage R
45060,4,Sleep stage R
45090,4,Sleep stage R
45120,4,Sleep stage R
45150,4,Sleep stage R
45180,4,Sleep stage R
45210,4,Sleep stage R
45240,4,Sleep stage R
45270,4,Sleep stage R
45300,4,Sleep stage R
45330,4,Sleep stage R
45360,4,Sleep stage R
45390,4,Sleep stage R
45420,4,Sleep stage R
45450,4,Sleep stage R
45480,4,Sleep stage R
45510,0,Sleep stage W
45540,1,Sleep stage 1
45570,1,Sleep stage 1
45600,1,Sleep stage 1
45630,1,Sleep stage 1
45660,0,Sleep stage W
45690,0,Sleep stage W
45720,0,Sleep stage W
45750,0,Sleep stage W
45780,0,Sleep stage W
45810,0,Sleep stage W
45840,0,Sleep stage W
45870,0,Sleep stage W
45900,0,Sleep stage W
45930,0,Sleep stage W
45960,0,Sleep stage W
45990,0,Sleep stage W
46020,0,Sleep stage W
46050,0,Sleep stage W
46080,0,Sleep stage W
46110,0,Sleep stage W
46140,1,Sleep stage 1
46170,1,Sleep stage 1
46200,1,Sleep stage 1
46230,0,Sleep stage W
46260,1,Sleep stage 1
46290,1,Sleep stage 1
46320,1,Sleep stage 1
46350,1,Sleep stage 1
46380,2,Sleep stage 2
46410,2,Sleep stage 2
46440,2,Sleep stage 2
46470,2,Sleep stage 2
46500,2,Sleep stage 2
46530,2,Sleep stage 2
46560,2,Sleep stage 2
46590,2,Sleep stage 2
46620,2,Sleep stage 2
46650,2,Sleep stage 2
46680,2,Sleep stage 2
46710,2,Sleep stage 2
46740,2,Sleep stage 2
46770,2,Sleep stage 2
46800,2,Sleep stage 2
46830,2,Sleep stage 2
46860,2,Sleep stage 2
46890,2,Sleep stage 2
46920,2,Sleep stage 2
46950,2,Sleep stage 2
46980,2,Sleep stage 2
47010,2,Sleep stage 2
47040,2,Sleep stage 2
47070,0,Sleep stage W
47100,0,Sleep stage W
47130,1,Sleep stage 1
47160,2,Sleep stage 2
47190,2,Sleep stage 2
47220,2,Sleep stage 2
47250,2,Sleep stage 2
47280,2,Sleep stage 2
47310,2,Sleep stage 2
47340,2,Sleep stage 2
47370,2,Sleep stage 2
47400,2,Sleep stage 2
47430,2,Sleep stage 2
47460,2,Sleep stage 2
47490,2,Sleep stage 2
47520,2,Sleep stage 2
47550,2,Sleep stage 2
47580,2,Sleep stage 2
47610,2,Sleep stage 2
47640,2,Sleep stage 2
47670,2,Sleep stage 2
47700,2,Sleep stage 2
47730,2,Sleep stage 2
47760,2,Sleep stage 2
47790,2,Sleep stage 2
47820,2,Sleep stage 2
47850,2,Sleep stage 2
47880,2,Sleep stage 2
47910,2,Sleep stage 2
47940,2,Sleep stage 2
47970,2,Sleep stage 2
48000,2,Sleep stage 2
48030,2,Sleep stage 2
48060,2,Sleep stage 2
48090,2,Sleep stage 2
48120,2,Sleep stage 2
48150,3,Sleep stage 3
48180,2,Sleep stage 2
48210,3,Sleep stage 3
48240,3,Sleep stage 3
48270,3,Sleep stage 3
48300,2,Sleep stage 2
48330,2,Sleep stage 2
48360,2,Sleep stage 2
48390,2,Sleep stage 2
48420,3,Sleep stage 3
48450,3,Sleep stage 3
48480,2,Sleep stage 2
48510,2,Sleep stage 2
48540,3,Sleep stage 3
48570,2,Sleep stage 2
48600,3,Sleep stage 3
48630,2,Sleep stage 2
48660,3,Sleep stage 3
48690,3,Sleep stage 3
48720,3,Sleep stage 3
48750,3,Sleep stage 3
48780,2,Sleep stage 2
48810,2,Sleep stage 2
48840,2,Sleep stage 2
48870,2,Sleep stage 2
48900,2,Sleep stage 2
48930,2,Sleep stage 2
48960,2,Sleep stage 2
48990,3,Sleep stage 3
49020,2,Sleep stage 2
49050,2,Sleep stage 2
49080,2,Sleep stage 2
49110,2,Sleep stage 2
49140,1,Sleep stage 1
49170,1,Sleep stage 1
49200,4,Sleep stage R
49230,4,Sleep stage R
49260,4,Sleep stage R
49290,4,Sleep stage R
49320,4,Sleep stage R
49350,4,Sleep stage R
49380,4,Sleep stage R
49410,4,Sleep stage R
49440,4,Sleep stage R
49470,4,Sleep stage R
49500,4,Sleep stage R
49530,4,Sleep stage R
49560,4,Sleep stage R
49590,4,Sleep stage R
49620,4,Sleep stage R
49650,4,Sleep stage R
49680,4,Sleep stage R
49710,4,Sleep stage R
49740,4,Sleep stage R
49770,4,Sleep stage R
49800,4,Sleep stage R
49830,4,Sleep stage R
49860,4,Sleep stage R
49890,4,Sleep stage R
49920,4,Sleep stage R
49950,4,Sleep stage R
49980,4,Sleep stage R
50010,4,Sleep stage R
50040,4,Sleep stage R
50070,4,Sleep stage R
50100,4,Sleep stage R
50130,4,Sleep stage R
50160,4,Sleep stage R
50190,0,Sleep stage W
50220,1,Sleep stage 1
50250,1,Sleep stage 1
50280,1,Sleep stage 1
50310,1,Sleep stage 1
50340,1,Sleep stage 1
50370,4,Sleep stage R
50400,4,Sleep stage R
50430,4,Sleep stage R
50460,4,Sleep stage R
50490,4,Sleep stage R
50520,4,Sleep stage R
50550,4,Sleep stage R
50580,4,Sleep stage R
50610,4,Sleep stage R
50640,0,Sleep stage W
50670,0,Sleep stage W
50700,0,Sleep stage W
50730,0,Sleep stage W
50760,0,Sleep stage W
50790,0,Sleep stage W
50820,0,Sleep stage W
50850,0,Sleep stage W
50880,0,Sleep stage W
50910,0,Sleep stage W
50940,0,Sleep stage W
50970,0,Sleep stage W
51000,0,Sleep stage W
51030,0,Sleep stage W
51060,0,Sleep stage W
51090,0,Sleep stage W
51120,0,Sleep stage W
51150,1,Sleep stage 1
51180,1,Sleep stage 1
51210,1,Sleep stage 1
51240,0,Sleep stage W
51270,0,Sleep stage W
51300,0,Sleep stage W
51330,0,Sleep stage W
51360,0,Sleep stage W
51390,0,Sleep stage W
51420,0,Sleep stage W
51450,0,Sleep stage W
51480,0,Sleep stage W
51510,0,Sleep stage W
51540,1,Sleep stage 1
51570,0,Sleep stage W
51600,0,Sleep stage W
51630,0,Sleep stage W
51660,0,Sleep stage W
51690,0,Sleep stage W
51720,0,Sleep stage W
51750,0,Sleep stage W
51780,0,Sleep stage W
51810,0,Sleep stage W
51840,0,Sleep stage W
51870,0,Sleep stage W
51900,0,Sleep stage W
51930,0,Sleep stage W
51960,0,Sleep stage W
51990,0,Sleep stage W
52020,0,Sleep stage W
52050,0,Sleep stage W
52080,0,Sleep stage W
52110,1,Sleep stage 1
52140,1,Sleep stage 1
52170,1,Sleep stage 1
52200,1,Sleep stage 1
52230,1,Sleep stage 1
52260,0,Sleep stage W
52290,0,Sleep stage W
52320,0,Sleep stage W
52350,0,Sleep stage W
52380,0,Sleep stage W
52410,0,Sleep stage W
52440,0,Sleep stage W
52470,0,Sleep stage W
52500,0,Sleep stage W
52530,0,Sleep stage W
52560,0,Sleep stage W
52590,0,Sleep stage W
52620,0,Sleep stage W
52650,0,Sleep stage W
52680,0,Sleep stage W
52710,0,Sleep stage W
52740,0,Sleep stage W
52770,0,Sleep stage W
52800,0,Sleep stage W
52830,0,Sleep stage W
52860,0,Sleep stage W
52890,0,Sleep stage W
52920,0,Sleep stage W
52950,0,Sleep stage W
52980,0,Sleep stage W
53010,0,Sleep stage W
53040,0,Sleep stage W
53070,0,Sleep stage W
53100,0,Sleep stage W
53130,0,Sleep stage W
53160,0,Sleep stage W
53190,0,Sleep stage W
53220,0,Sleep stage W
53250,0,Sleep stage W
53280,0,Sleep stage W
53310,0,Sleep stage W
53340,0,Sleep stage W
53370,0,Sleep stage W
53400,0,Sleep stage W
53430,0,Sleep stage W
53460,0,Sleep stage W
53490,0,Sleep stage W
53520,0,Sleep stage W
53550,0,Sleep stage W
53580,0,Sleep stage W
53610,0,Sleep stage W
53640,0,Sleep stage W
53670,0,Sleep stage W
53700,0,Sleep stage W
53730,0,Sleep stage W
53760,0,Sleep stage W
53790,0,Sleep stage W
53820,0,Sleep stage W
53850,0,Sleep stage W
53880,0,Sleep stage W
53910,0,Sleep stage W
53940,0,Sleep stage W
53970,0,Sleep stage W
54000,0,Sleep stage W
54030,0,Sleep stage W
54060,0,Sleep stage W
54090,0,Sleep stage W
54120,0,Sleep stage W
54150,0,Sleep stage W
54180,0,Sleep stage W
54210,0,Sleep stage W
54240,0,Sleep stage W
54270,0,Sleep stage W
54300,0,Sleep stage W
54330,0,Sleep stage W
54360,0,Sleep stage W
54390,0,Sleep stage W
54420,0,Sleep stage W
54450,0,Sleep stage W
54480,0,Sleep stage W
54510,0,Sleep stage W
54540,0,Sleep stage W
54570,0,Sleep stage W
54600,0,Sleep stage W
54630,0,Sleep stage W
54660,0,Sleep stage W
54690,0,Sleep stage W
54720,0,Sleep stage W
54750,0,Sleep stage W
54780,0,Sleep stage W
54810,0,Sleep stage W
54840,0,Sleep stage W
54870,0,Sleep stage W
54900,0,Sleep stage W
54930,0,Sleep stage W
54960,0,Sleep stage W
54990,0,Sleep stage W
55020,0,Sleep stage W
55050,0,Sleep stage W
55080,0,Sleep stage W
55110,0,Sleep stage W
55140,0,Sleep stage W
55170,0,Sleep stage W
55200,0,Sleep stage W
55230,0,Sleep stage W
55260,0,Sleep stage W
55290,0,Sleep stage W
55320,0,Sleep stage W
55350,0,Sleep stage W
55380,0,Sleep stage W
55410,0,Sleep stage W
55440,0,Sleep stage W
55470,0,Sleep stage W
55500,0,Sleep stage W
55530,0,Sleep stage W
55560,0,Sleep stage W
55590,0,Sleep stage W
55620,0,Sleep stage W
55650,0,Sleep stage W
55680,0,Sleep stage W
55710,0,Sleep stage W
55740,0,Sleep stage W
55770,0,Sleep stage W
55800,0,Sleep stage W
55830,0,Sleep stage W
55860,0,Sleep stage W
55890,0,Sleep stage W
55920,0,Sleep stage W
55950,0,Sleep stage W
55980,0,Sleep stage W
56010,0,Sleep stage W
56040,0,Sleep stage W
56070,0,Sleep stage W
56100,0,Sleep stage W
56130,0,Sleep stage W
56160,0,Sleep stage W
56190,0,Sleep stage W
56220,0,Sleep stage W
56250,0,Sleep stage W
56280,0,Sleep stage W
56310,0,Sleep stage W
56340,0,Sleep stage W
56370,0,Sleep stage W
56400,0,Sleep stage W
56430,0,Sleep stage W
56460,0,Sleep stage W
56490,0,Sleep stage W
56520,0,Sleep stage W
56550,0,Sleep stage W
56580,0,Sleep stage W
56610,0,Sleep stage W
56640,0,Sleep stage W
56670,0,Sleep stage W
56700,0,Sleep stage W
56730,0,Sleep stage W
56760,0,Sleep stage W
56790,0,Sleep stage W
56820,0,Sleep stage W
56850,0,Sleep stage W
56880,0,Sleep stage W
56910,0,Sleep stage W
56940,0,Sleep stage W
56970,0,Sleep stage W
57000,0,Sleep stage W
57030,0,Sleep stage W
57060,0,Sleep stage W
57090,0,Sleep stage W
57120,0,Sleep stage W
57150,0,Sleep stage W
57180,0,Sleep stage W
57210,0,Sleep stage W
57240,0,Sleep stage W
57270,0,Sleep stage W
57300,0,Sleep stage W
57330,0,Sleep stage W
57360,0,Sleep stage W
57390,0,Sleep stage W
57420,0,Sleep stage W
57450,0,Sleep stage W
57480,0,Sleep stage W
57510,0,Sleep stage W
57540,0,Sleep stage W
57570,0,Sleep stage W
57600,0,Sleep stage W
57630,0,Sleep stage W
57660,0,Sleep stage W
57690,0,Sleep stage W
57720,0,Sleep stage W
57750,0,Sleep stage W
57780,0,Sleep stage W
57810,0,Sleep stage W
57840,0,Sleep stage W
57870,0,Sleep stage W
57900,0,Sleep stage W
57930,0,Sleep stage W
57960,0,Sleep stage W
57990,0,Sleep stage W
58020,0,Sleep stage W
58050,0,Sleep stage W
58080,0,Sleep stage W
58110,0,Sleep stage W
58140,0,Sleep stage W
58170,0,Sleep stage W
58200,0,Sleep stage W
58230,0,Sleep stage W
58260,0,Sleep stage W
58290,0,Sleep stage W
58320,0,Sleep stage W
58350,0,Sleep stage W
58380,0,Sleep stage W
58410,0,Sleep stage W
58440,0,Sleep stage W
58470,0,Sleep stage W
58500,0,Sleep stage W
58530,0,Sleep stage W
58560,0,Sleep stage W
58590,0,Sleep stage W
58620,0,Sleep stage W
58650,0,Sleep stage W
58680,0,Sleep stage W
58710,0,Sleep stage W
58740,0,Sleep stage W
58770,0,Sleep stage W
58800,0,Sleep stage W
58830,0,Sleep stage W
58860,0,Sleep stage W
58890,0,Sleep stage W
58920,0,Sleep stage W
58950,0,Sleep stage W
58980,0,Sleep stage W
59010,0,Sleep stage W
59040,0,Sleep stage W
59070,0,Sleep stage W
59100,0,Sleep stage W
59130,0,Sleep stage W
59160,0,Sleep stage W
59190,0,Sleep stage W
59220,0,Sleep stage W
59250,0,Sleep stage W
59280,0,Sleep stage W
59310,0,Sleep stage W
59340,0,Sleep stage W
59370,0,Sleep stage W
59400,0,Sleep stage W
59430,0,Sleep stage W
59460,0,Sleep stage W
59490,0,Sleep stage W
59520,0,Sleep stage W
59550,0,Sleep stage W
59580,0,Sleep stage W
59610,0,Sleep stage W
59640,0,Sleep stage W
59670,0,Sleep stage W
59700,0,Sleep stage W
59730,0,Sleep stage W
59760,0,Sleep stage W
59790,0,Sleep stage W
59820,0,Sleep stage W
59850,0,Sleep stage W
59880,0,Sleep stage W
59910,0,Sleep stage W
59940,0,Sleep stage W
59970,0,Sleep stage W
60000,0,Sleep stage W
60030,0,Sleep stage W
60060,0,Sleep stage W
60090,0,Sleep stage W
60120,0,Sleep stage W
60150,0,Sleep stage W
60180,0,Sleep stage W
60210,0,Sleep stage W
60240,0,Sleep stage W
60270,0,Sleep stage W
60300,0,Sleep stage W
60330,0,Sleep stage W
60360,0,Sleep stage W
60390,0,Sleep stage W
60420,0,Sleep stage W
60450,0,Sleep stage W
60480,0,Sleep stage W
60510,0,Sleep stage W
60540,0,Sleep stage W
60570,0,Sleep stage W
60600,0,Sleep stage W
60630,0,Sleep stage W
60660,0,Sleep stage W
60690,0,Sleep stage W
60720,0,Sleep stage W
60750,0,Sleep stage W
60780,0,Sleep stage W
60810,0,Sleep stage W
60840,0,Sleep stage W
60870,0,Sleep stage W
60900,0,Sleep stage W
60930,0,Sleep stage W
60960,0,Sleep stage W
60990,0,Sleep stage W
61020,0,Sleep stage W
61050,0,Sleep stage W
61080,0,Sleep stage W
61110,0,Sleep stage W
61140,0,Sleep stage W
61170,0,Sleep stage W
61200,0,Sleep stage W
61230,0,Sleep stage W
61260,0,Sleep stage W
61290,0,Sleep stage W
61320,0,Sleep stage W
61350,0,Sleep stage W
61380,0,Sleep stage W
61410,0,Sleep stage W
61440,0,Sleep stage W
61470,0,Sleep stage W
61500,0,Sleep stage W
61530,0,Sleep stage W
61560,0,Sleep stage W
61590,0,Sleep stage W
61620,0,Sleep stage W
61650,0,Sleep stage W
61680,0,Sleep stage W
61710,0,Sleep stage W
61740,0,Sleep stage W
61770,0,Sleep stage W
61800,0,Sleep stage W
61830,0,Sleep stage W
61860,0,Sleep stage W
61890,0,Sleep stage W
61920,0,Sleep stage W
61950,0,Sleep stage W
61980,0,Sleep stage W
62010,0,Sleep stage W
62040,0,Sleep stage W
62070,0,Sleep stage W
62100,0,Sleep stage W
62130,0,Sleep stage W
62160,0,Sleep stage W
62190,0,Sleep stage W
62220,0,Sleep stage W
62250,0,Sleep stage W
62280,0,Sleep stage W
62310,0,Sleep stage W
62340,0,Sleep stage W
62370,0,Sleep stage W
62400,0,Sleep stage W
62430,0,Sleep stage W
62460,0,Sleep stage W
62490,0,Sleep stage W
62520,0,Sleep stage W
62550,0,Sleep stage W
62580,0,Sleep stage W
62610,0,Sleep stage W
62640,0,Sleep stage W
62670,0,Sleep stage W
62700,0,Sleep stage W
62730,0,Sleep stage W
62760,0,Sleep stage W
62790,0,Sleep stage W
62820,0,Sleep stage W
62850,0,Sleep stage W
62880,0,Sleep stage W
62910,0,Sleep stage W
62940,0,Sleep stage W
62970,0,Sleep stage W
63000,0,Sleep stage W
63030,0,Sleep stage W
63060,0,Sleep stage W
63090,0,Sleep stage W
63120,0,Sleep stage W
63150,0,Sleep stage W
63180,0,Sleep stage W
63210,0,Sleep stage W
63240,0,Sleep stage W
63270,0,Sleep stage W
63300,0,Sleep stage W
63330,0,Sleep stage W
63360,0,Sleep stage W
63390,0,Sleep stage W
63420,0,Sleep stage W
63450,0,Sleep stage W
63480,0,Sleep stage W
63510,0,Sleep stage W
63540,0,Sleep stage W
63570,0,Sleep stage W
63600,0,Sleep stage W
63630,0,Sleep stage W
63660,0,Sleep stage W
63690,0,Sleep stage W
63720,0,Sleep stage W
63750,0,Sleep stage W
63780,0,Sleep stage W
63810,0,Sleep stage W
63840,0,Sleep stage W
63870,0,Sleep stage W
63900,0,Sleep stage W
63930,0,Sleep stage W
63960,0,Sleep stage W
63990,0,Sleep stage W
64020,0,Sleep stage W
64050,0,Sleep stage W
64080,0,Sleep stage W
64110,0,Sleep stage W
64140,0,Sleep stage W
64170,0,Sleep stage W
64200,0,Sleep stage W
64230,0,Sleep stage W
64260,0,Sleep stage W
64290,0,Sleep stage W
64320,0,Sleep stage W
64350,0,Sleep stage W
64380,0,Sleep stage W
64410,0,Sleep stage W
64440,0,Sleep stage W
64470,0,Sleep stage W
64500,0,Sleep stage W
64530,0,Sleep stage W
64560,0,Sleep stage W
64590,0,Sleep stage W
64620,0,Sleep stage W
64650,0,Sleep stage W
64680,0,Sleep stage W
64710,0,Sleep stage W
64740,0,Sleep stage W
64770,0,Sleep stage W
64800,0,Sleep stage W
64830,0,Sleep stage W
64860,0,Sleep stage W
64890,0,Sleep stage W
64920,0,Sleep stage W
64950,0,Sleep stage W
64980,0,Sleep stage W
65010,0,Sleep stage W
65040,0,Sleep stage W
65070,0,Sleep stage W
65100,0,Sleep stage W
65130,0,Sleep stage W
65160,0,Sleep stage W
65190,0,Sleep stage W
65220,0,Sleep stage W
65250,0,Sleep stage W
65280,0,Sleep stage W
65310,0,Sleep stage W
65340,0,Sleep stage W
65370,0,Sleep stage W
65400,0,Sleep stage W
65430,0,Sleep stage W
65460,0,Sleep stage W
65490,0,Sleep stage W
65520,0,Sleep stage W
65550,0,Sleep stage W
65580,0,Sleep stage W
65610,0,Sleep stage W
65640,0,Sleep stage W
65670,0,Sleep stage W
65700,0,Sleep stage W
65730,0,Sleep stage W
65760,0,Sleep stage W
65790,0,Sleep stage W
65820,0,Sleep stage W
65850,0,Sleep stage W
65880,0,Sleep stage W
65910,0,Sleep stage W
65940,0,Sleep stage W
65970,0,Sleep stage W
66000,0,Sleep stage W
66030,0,Sleep stage W
66060,0,Sleep stage W
66090,0,Sleep stage W
66120,0,Sleep stage W
66150,0,Sleep stage W
66180,0,Sleep stage W
66210,0,Sleep stage W
66240,0,Sleep stage W
66270,0,Sleep stage W
66300,0,Sleep stage W
66330,0,Sleep stage W
66360,0,Sleep stage W
66390,0,Sleep stage W
66420,0,Sleep stage W
66450,0,Sleep stage W
66480,0,Sleep stage W
66510,0,Sleep stage W
66540,0,Sleep stage W
66570,0,Sleep stage W
66600,0,Sleep stage W
66630,0,Sleep stage W
66660,0,Sleep stage W
66690,0,Sleep stage W
66720,0,Sleep stage W
66750,0,Sleep stage W
66780,0,Sleep stage W
66810,0,Sleep stage W
66840,0,Sleep stage W
66870,0,Sleep stage W
66900,0,Sleep stage W
66930,0,Sleep stage W
66960,0,Sleep stage W
66990,0,Sleep stage W
67020,0,Sleep stage W
67050,0,Sleep stage W
67080,0,Sleep stage W
67110,0,Sleep stage W
67140,0,Sleep stage W
67170,0,Sleep stage W
67200,0,Sleep stage W
67230,0,Sleep stage W
67260,0,Sleep stage W
67290,0,Sleep stage W
67320,0,Sleep stage W
67350,0,Sleep stage W
67380,0,Sleep stage W
67410,0,Sleep stage W
67440,0,Sleep stage W
67470,0,Sleep stage W
67500,0,Sleep stage W
67530,0,Sleep stage W
67560,0,Sleep stage W
67590,0,Sleep stage W
67620,0,Sleep stage W
67650,0,Sleep stage W
67680,0,Sleep stage W
67710,0,Sleep stage W
67740,0,Sleep stage W
67770,0,Sleep stage W
67800,0,Sleep stage W
67830,0,Sleep stage W
67860,0,Sleep stage W
67890,0,Sleep stage W
67920,0,Sleep stage W
67950,0,Sleep stage W
67980,0,Sleep stage W
68010,0,Sleep stage W
68040,0,Sleep stage W
68070,0,Sleep stage W
68100,0,Sleep stage W
68130,0,Sleep stage W
68160,0,Sleep stage W
68190,0,Sleep stage W
68220,0,Sleep stage W
68250,0,Sleep stage W
68280,0,Sleep stage W
68310,0,Sleep stage W
68340,0,Sleep stage W
68370,0,Sleep stage W
68400,0,Sleep stage W
68430,0,Sleep stage W
68460,0,Sleep stage W
68490,0,Sleep stage W
68520,0,Sleep stage W
68550,0,Sleep stage W
68580,0,Sleep stage W
68610,0,Sleep stage W
68640,0,Sleep stage W
68670,0,Sleep stage W
68700,0,Sleep stage W
68730,0,Sleep stage W
68760,0,Sleep stage W
68790,0,Sleep stage W
68820,0,Sleep stage W
68850,0,Sleep stage W
68880,0,Sleep stage W
68910,0,Sleep stage W
68940,0,Sleep stage W
68970,0,Sleep stage W
69000,0,Sleep stage W
69030,0,Sleep stage W
69060,0,Sleep stage W
69090,0,Sleep stage W
69120,0,Sleep stage W
69150,0,Sleep stage W
69180,0,Sleep stage W
69210,0,Sleep stage W
69240,0,Sleep stage W
69270,0,Sleep stage W
69300,0,Sleep stage W
69330,0,Sleep stage W
69360,0,Sleep stage W
69390,0,Sleep stage W
69420,0,Sleep stage W
69450,0,Sleep stage W
69480,0,Sleep stage W
69510,0,Sleep stage W
69540,0,Sleep stage W
69570,0,Sleep stage W
69600,0,Sleep stage W
69630,0,Sleep stage W
69660,0,Sleep stage W
69690,0,Sleep stage W
69720,0,Sleep stage W
69750,0,Sleep stage W
69780,0,Sleep stage W
69810,0,Sleep stage W
69840,0,Sleep stage W
69870,0,Sleep stage W
69900,0,Sleep stage W
69930,0,Sleep stage W
69960,0,Sleep stage W
69990,0,Sleep stage W
70020,0,Sleep stage W
70050,0,Sleep stage W
70080,0,Sleep stage W
70110,0,Sleep stage W
70140,0,Sleep stage W
70170,0,Sleep stage W
70200,0,Sleep stage W
70230,0,Sleep stage W
70260,0,Sleep stage W
70290,0,Sleep stage W
70320,0,Sleep stage W
70350,0,Sleep stage W
70380,0,Sleep stage W
70410,0,Sleep stage W
70440,0,Sleep stage W
70470,0,Sleep stage W
70500,0,Sleep stage W
70530,0,Sleep stage W
70560,0,Sleep stage W
70590,0,Sleep stage W
70620,0,Sleep stage W
70650,0,Sleep stage W
70680,0,Sleep stage W
70710,0,Sleep stage W
70740,0,Sleep stage W
70770,0,Sleep stage W
70800,0,Sleep stage W
70830,0,Sleep stage W
70860,0,Sleep stage W
70890,0,Sleep stage W
70920,0,Sleep stage W
70950,0,Sleep stage W
70980,0,Sleep stage W
71010,0,Sleep stage W
71040,0,Sleep stage W
71070,0,Sleep stage W
71100,0,Sleep stage W
71130,0,Sleep stage W
71160,0,Sleep stage W
71190,0,Sleep stage W
71220,0,Sleep stage W
71250,0,Sleep stage W
71280,0,Sleep stage W
71310,0,Sleep stage W
71340,0,Sleep stage W
71370,0,Sleep stage W
71400,0,Sleep stage W
71430,0,Sleep stage W
71460,0,Sleep stage W
71490,0,Sleep stage W
71520,0,Sleep stage W
71550,0,Sleep stage W
71580,0,Sleep stage W
71610,0,Sleep stage W
71640,0,Sleep stage W
71670,0,Sleep stage W
71700,0,Sleep stage W
71730,0,Sleep stage W
71760,0,Sleep stage W
71790,0,Sleep stage W
71820,0,Sleep stage W
71850,0,Sleep stage W
71880,0,Sleep stage W
71910,0,Sleep stage W
71940,0,Sleep stage W
71970,0,Sleep stage W
72000,0,Sleep stage W
72030,0,Sleep stage W
72060,0,Sleep stage W
72090,0,Sleep stage W
72120,0,Sleep stage W
72150,0,Sleep stage W
72180,0,Sleep stage W
72210,0,Sleep stage W
72240,0,Sleep stage W
72270,0,Sleep stage W
72300,0,Sleep stage W
72330,0,Sleep stage W
72360,0,Sleep stage W
72390,0,Sleep stage W
72420,0,Sleep stage W
72450,0,Sleep stage W
72480,0,Sleep stage W
72510,0,Sleep stage W
72540,0,Sleep stage W
72570,0,Sleep stage W
72600,0,Sleep stage W
72630,0,Sleep stage W
72660,0,Sleep stage W
72690,0,Sleep stage W
72720,0,Sleep stage W
72750,0,Sleep stage W
72780,0,Sleep stage W
72810,0,Sleep stage W
72840,0,Sleep stage W
72870,0,Sleep stage W
72900,0,Sleep stage W
72930,0,Sleep stage W
72960,0,Sleep stage W
72990,0,Sleep stage W
73020,0,Sleep stage W
73050,0,Sleep stage W
73080,0,Sleep stage W
73110,0,Sleep stage W
73140,0,Sleep stage W
73170,0,Sleep stage W
73200,0,Sleep stage W
73230,0,Sleep stage W
73260,0,Sleep stage W
73290,0,Sleep stage W
73320,0,Sleep stage W
73350,0,Sleep stage W
73380,0,Sleep stage W
73410,0,Sleep stage W
73440,0,Sleep stage W
73470,0,Sleep stage W
73500,0,Sleep stage W
73530,0,Sleep stage W
73560,0,Sleep stage W
73590,0,Sleep stage W
73620,0,Sleep stage W
73650,0,Sleep stage W
73680,0,Sleep stage W
73710,0,Sleep stage W
73740,0,Sleep stage W
73770,0,Sleep stage W
73800,0,Sleep stage W
73830,0,Sleep stage W
73860,0,Sleep stage W
73890,0,Sleep stage W
73920,0,Sleep stage W
73950,0,Sleep stage W
73980,0,Sleep stage W
74010,0,Sleep stage W
74040,0,Sleep stage W
74070,0,Sleep stage W
74100,0,Sleep stage W
74130,0,Sleep stage W
74160,0,Sleep stage W
74190,0,Sleep stage W
74220,0,Sleep stage W
74250,0,Sleep stage W
74280,0,Sleep stage W
74310,0,Sleep stage W
74340,0,Sleep stage W
74370,0,Sleep stage W
74400,0,Sleep stage W
74430,0,Sleep stage W
74460,0,Sleep stage W
74490,0,Sleep stage W
74520,0,Sleep stage W
74550,0,Sleep stage W
74580,0,Sleep stage W
74610,0,Sleep stage W
74640,0,Sleep stage W
74670,0,Sleep stage W
74700,0,Sleep stage W
74730,0,Sleep stage W
74760,0,Sleep stage W
74790,0,Sleep stage W
74820,0,Sleep stage W
74850,0,Sleep stage W
74880,0,Sleep stage W
74910,0,Sleep stage W
74940,0,Sleep stage W
74970,0,Sleep stage W
75000,0,Sleep stage W
75030,0,Sleep stage W
75060,0,Sleep stage W
75090,0,Sleep stage W
75120,0,Sleep stage W
75150,0,Sleep stage W
75180,0,Sleep stage W
75210,0,Sleep stage W
75240,0,Sleep stage W
75270,0,Sleep stage W
75300,0,Sleep stage W
75330,0,Sleep stage W
75360,0,Sleep stage W
75390,0,Sleep stage W
75420,0,Sleep stage W
75450,0,Sleep stage W
75480,0,Sleep stage W
75510,0,Sleep stage W
75540,0,Sleep stage W
75570,0,Sleep stage W
75600,0,Sleep stage W
75630,0,Sleep stage W
75660,0,Sleep stage W
75690,0,Sleep stage W
75720,0,Sleep stage W
75750,0,Sleep stage W
75780,0,Sleep stage W
75810,0,Sleep stage W
75840,0,Sleep stage W
75870,0,Sleep stage W
75900,0,Sleep stage W
75930,0,Sleep stage W
75960,0,Sleep stage W
75990,0,Sleep stage W
76020,0,Sleep stage W
76050,0,Sleep stage W
76080,0,Sleep stage W
76110,0,Sleep stage W
76140,0,Sleep stage W
76170,0,Sleep stage W
76200,0,Sleep stage W
76230,0,Sleep stage W
76260,0,Sleep stage W
76290,0,Sleep stage W
76320,0,Sleep stage W
76350,0,Sleep stage W
76380,0,Sleep stage W
76410,0,Sleep stage W
76440,0,Sleep stage W
76470,0,Sleep stage W
76500,0,Sleep stage W
76530,0,Sleep stage W
76560,0,Sleep stage W
76590,0,Sleep stage W
76620,0,Sleep stage W
76650,0,Sleep stage W
76680,0,Sleep stage W
76710,0,Sleep stage W
76740,0,Sleep stage W
76770,0,Sleep stage W
76800,0,Sleep stage W
76830,0,Sleep stage W
76860,0,Sleep stage W
76890,0,Sleep stage W
76920,0,Sleep stage W
76950,0,Sleep stage W
76980,0,Sleep stage W
77010,0,Sleep stage W
77040,0,Sleep stage W
77070,0,Sleep stage W
77100,0,Sleep stage W
77130,0,Sleep stage W
77160,0,Sleep stage W
77190,0,Sleep stage W
77220,0,Sleep stage W
77250,0,Sleep stage W
77280,0,Sleep stage W
77310,0,Sleep stage W
77340,0,Sleep stage W
77370,0,Sleep stage W
77400,0,Sleep stage W
77430,0,Sleep stage W
77460,0,Sleep stage W
77490,0,Sleep stage W
77520,0,Sleep stage W
77550,0,Sleep stage W
77580,0,Sleep stage W
77610,0,Sleep stage W
77640,0,Sleep stage W
77670,0,Sleep stage W
77700,0,Sleep stage W
77730,0,Sleep stage W
77760,0,Sleep stage W
77790,0,Sleep stage W
77820,0,Sleep stage W
77850,0,Sleep stage W
77880,0,Sleep stage W
77910,0,Sleep stage W
77940,0,Sleep stage W
77970,0,Sleep stage W
78000,0,Sleep stage W
78030,0,Sleep stage W
78060,0,Sleep stage W
78090,0,Sleep stage W
78120,0,Sleep stage W
78150,0,Sleep stage W
78180,0,Sleep stage W
78210,0,Sleep stage W
78240,0,Sleep stage W
78270,0,Sleep stage W
78300,0,Sleep stage W
78330,0,Sleep stage W
78360,0,Sleep stage W
78390,0,Sleep stage W
78420,0,Sleep stage W
78450,0,Sleep stage W
78480,0,Sleep stage W
78510,0,Sleep stage W
78540,0,Sleep stage W
78570,0,Sleep stage W
78600,0,Sleep stage W
78630,0,Sleep stage W
78660,0,Sleep stage W
78690,0,Sleep stage W
78720,0,Sleep stage W
78750,0,Sleep stage W
78780,0,Sleep stage W
78810,0,Sleep stage W
78840,0,Sleep stage W
78870,0,Sleep stage W
78900,0,Sleep stage W
78930,0,Sleep stage W
78960,0,Sleep stage W
78990,0,Sleep stage W
79020,0,Sleep stage W
79050,0,Sleep stage W
79080,0,Sleep stage W
79110,0,Sleep stage W
79140,0,Sleep stage W
79170,0,Sleep stage W
79200,0,Sleep stage W
79230,0,Sleep stage W
79260,0,Sleep stage W
79290,0,Sleep stage W
79320,0,Sleep stage W
79350,0,Sleep stage W
79380,0,Sleep stage W
79410,0,Sleep stage W
79440,0,Sleep stage W
79470,0,Sleep stage W
